Time,Male,Female
1,0.481731874312277,0.513735899850889
2,0.325881226822337,0.299517008652918
3,0.192386898865386,0.186747091496193
4,0,0
5,0,0
