Time,Male,Female
0,0.39261004,0.366781093
1,0.184307375,0.185635067
2,0.184307375,0.185635067
3,0.119387605,0.130974386
4,0.119387605,0.130974386
