Time,Male,Female
1,0.583670529616938,0.59723680097407
2,0.277420272746168,0.270199799200834
3,0.138909197636894,0.132563399825096
4,0,0
5,0,0
