Time,Male,Female
0,0.48536731,0.484818805
1,0.182361139,0.177277179
2,0.182361139,0.177277179
3,0.074955206,0.080313418
4,0.074955206,0.080313418
