"FoodCarbohydrate","FoodFat","FoodProtein","FoodSodium"
1.0,0.322065424821492,0.900005469177978,0.594918030187197
0.322065424821492,1.0,0.555846960807698,0.30856789559811
0.900005469177978,0.555846960807698,1.0,0.574748257023624
0.594918030187197,0.30856789559811,0.574748257023624,1.0
