"alcohol","carbohydrate","fat","protein","sodium"
1.0,0.0513249392754166,0.160570343400122,0.171155409059049,0.161884900651509
0.0513249392754166,1.0,0.635480091388297,0.652268360305309,0.687189992401209
0.160570343400122,0.635480091388297,1.0,0.729706013285179,0.657713313267206
0.171155409059049,0.652268360305309,0.729706013285179,1.0,0.715957495665478
0.161884900651509,0.687189992401209,0.657713313267206,0.715957495665478,1.0
