FoodCarbohydrate,FoodFat,FoodProtein,FoodSodium
1.0,0.322065425,0.900005469,0.59491803
0.322065425,1.0,0.555846961,0.308567896
0.900005469,0.555846961,1.0,0.574748257
0.59491803,0.308567896,0.574748257,1.0
