"carbohydrate","fat","protein","sodium"
1.0,0.635480091388297,0.652268360305309,0.687189992401209
0.635480091388297,1.0,0.729706013285179,0.657713313267206
0.652268360305309,0.729706013285179,1.0,0.715957495665478
0.687189992401209,0.657713313267206,0.715957495665478,1.0
