FoodCarbohydrate,FoodFat,FoodProtein,FoodSodium
1.0,0.397787238562499,0.904416373858614,0.6037321997971
0.397787238562499,1.0,0.629332391709076,0.337705073680312
0.904416373858614,0.629332391709076,1.0,0.55378751516936
0.6037321997971,0.337705073680312,0.55378751516936,1.0
