"carbohydrate","fat","protein","sodium"
1.0,0.333878676069022,0.907827742937762,0.588575822953332
0.333878676069022,1.0,0.580601412268143,0.390429571255439
0.907827742937762,0.580601412268143,1.0,0.590857351074959
0.588575822953332,0.390429571255439,0.590857351074959,1.0
