{
    "ModelName": "StaticLinear",
    "InformationSpeed": 0.1,
    "PhysicalActivityStdDev": 0.06,
    "RuralPrevalence": [
        {
            "Name": "Under18",
            "Female": 0.626739964429027,
            "Male": 0.624047373841401
        },
        {
            "Name": "Over18",
            "Female": 0.587936516771846,
            "Male": 0.583313018464474
        }
    ],
    "IncomeDefault": "Middle",
    "IncomeModels": {
        "Low": {
            "Intercept": 0.0,
            "Coefficients": {}
        },
        "Middle": {
            "Intercept": -0.0683240814272077,
            "Coefficients": {
                "Gender": 0.032217497176628,
                "Over18": 0.298055376100666,
                "Sector": -0.383372795038086
            }
        },
        "High": {
            "Intercept": -0.0427919974409829,
            "Coefficients": {
                "Gender": 0.0447125663820498,
                "Over18": 0.619113033863595,
                "Sector": -1.39658672904111
            }
        }
    },
    "RiskFactorModels": {
        "FoodCarbohydrate": {
            "Lambda": 0.303030303030303,
            "StdDev": 0.323546436042623,
            "Intercept": -0.163564941825921,
            "Coefficients": {
                "Gender": 0.001909201186864,
                "Age": -0.000212546757902497,
                "Age2": 1.87236401928853e-7,
                "Age3": -1.13592924060027e-8,
                "Sector": 0.0583895658455863,
                "Income": 0.0516596927242407
            },
            "Policy": {
                "Range": [-4.942, 0.06],
                "Intercept": -1.29385215316281,
                "Coefficients": {
                    "Gender": 0.00845121355575458,
                    "Age": 0.000386003599279214,
                    "Sector": 0.0621763530502617,
                    "Income": 0.0560558815729017
                },
                "LogCoefficients": {
                    "FoodCarbohydrate": 0.577638667323293,
                    "FoodFat": -0.0801300827856402,
                    "FoodProtein": -0.480946893299471,
                    "FoodSodium": -0.0396319735508116
                }
            }
        },
        "FoodFat": {
            "Lambda": 0.141414141414141,
            "StdDev": 0.464325512741348,
            "Intercept": -0.554488757309044,
            "Coefficients": {
                "Gender": 0.00102119865887904,
                "Age": -0.00462679326537629,
                "Age2": 5.47946635530975e-5,
                "Age3": -2.39659075915002e-7,
                "Sector": -0.0863212060348545,
                "Income": 0.302938242093029
            },
            "Policy": {
                "Range": [-6.081, 0.003],
                "Intercept": -0.734121205356728,
                "Coefficients": {
                    "Gender": 0.023422206650121,
                    "Age": 0.000557687923688474,
                    "Sector": 0.00166651997223223,
                    "Income": -0.498755023022772
                },
                "LogCoefficients": {
                    "FoodCarbohydrate": 0.652615267035516,
                    "FoodFat": 0.743457905132894,
                    "FoodProtein": -1.2648185364167,
                    "FoodSodium": -0.17181077457271
                }
            }
        },
        "FoodProtein": {
            "Lambda": 0.141414141414141,
            "StdDev": 0.316612639385793,
            "Intercept": -0.253982902057632,
            "Coefficients": {
                "Gender": 0.00230009880181239,
                "Age": -0.000940138272923037,
                "Age2": 6.05566801607947e-6,
                "Age3": -2.30866807307216e-8,
                "Sector": 0.0228382301683487,
                "Income": 0.113898881231242
            },
            "Policy": {
                "Range": [-6.157, 0.05],
                "Intercept": -1.56991045634485,
                "Coefficients": {
                    "Gender": 0.0225696146416213,
                    "Age": 0.000771887649182637,
                    "Sector": 0.0579907722960272,
                    "Income": -0.0569219637079942
                },
                "LogCoefficients": {
                    "FoodCarbohydrate": 0.904899050175784,
                    "FoodFat": 0.0529420908766326,
                    "FoodProtein": -0.904740894529393,
                    "FoodSodium": -0.120175179036466
                }
            }
        },
        "FoodSodium": {
            "Lambda": 0.181818181818182,
            "StdDev": 0.42022134002726,
            "Intercept": -0.186646397184792,
            "Coefficients": {
                "Gender": 0.00324988697857038,
                "Age": -0.000823686051671132,
                "Age2": 1.08381456533309e-5,
                "Age3": -8.59404983799456e-8,
                "Sector": 0.00601589219498129,
                "Income": 0.0661571251934935
            },
            "Policy": {
                "Range": [-7.156, 0.002],
                "Intercept": -1.80473423666593,
                "Coefficients": {
                    "Gender": 0.0196577275537974,
                    "Age": 0.000369711675185518,
                    "Sector": 0.0713018828474078,
                    "Income": -0.572932558810775
                },
                "LogCoefficients": {
                    "FoodCarbohydrate": 0.519320205092293,
                    "FoodFat": 0.105852263147563,
                    "FoodProtein": -0.934772946113695,
                    "FoodSodium": 0.265847028093155
                }
            }
        }
    },
    "RiskFactorCorrelationFile": {
        "name": "residual_risk_factor_correlation.csv",
        "format": "csv",
        "delimiter": ",",
        "encoding": "UTF8",
        "columns": {
            "FoodCarbohydrate": "double",
            "FoodFat": "double",
            "FoodProtein": "double",
            "FoodSodium": "double"
        }
    },
    "PolicyCovarianceFile": {
        "name": "residual_policy_covariance.csv",
        "format": "csv",
        "delimiter": ",",
        "encoding": "UTF8",
        "columns": {
            "FoodCarbohydrate": "double",
            "FoodFat": "double",
            "FoodProtein": "double",
            "FoodSodium": "double"
        }
    }
}
