{
    "ModelName": "StaticLinear",
    "RuralPrevalence": [
        {
            "Name": "Under18",
            "Female": 0.65,
            "Male": 0.65
        },
        {
            "Name": "Over18",
            "Female": 0.6,
            "Male": 0.6
        }
    ],
    "IncomeModels": {
        "Low": {
            "Intercept": 0.0,
            "Coefficients": {}
        },
        "Middle": {
            "Intercept": -0.0023671151435328,
            "Coefficients": {
                "Gender": 0.0244784583947992,
                "Over18": 0.276669591410528,
                "Sector": -0.491794449118805
            }
        },
        "High": {
            "Intercept": 0.0187952471153142,
            "Coefficients": {
                "Gender": 0.02018185354194,
                "Over18": 0.607099252829797,
                "Sector": -1.5870837069653
            }
        }
    },
    "RiskFactorModels": {
        "FoodCarbohydrate": {
            "Lambda": 0.262626262626263,
            "StdDev": 0.337810256621877,
            "Intercept": -0.241505734056409,
            "Coefficients": {
                "Gender": 0.00191412437431455,
                "Age": -0.000545257990453302,
                "Age2": 3.06434596341924e-6,
                "Age3": 5.24468215546687e-9,
                "Sector": 0.0967308121487847,
                "Income": 0.0810023788842083
            }
        },
        "FoodFat": {
            "Lambda": 0.141414141414141,
            "StdDev": 0.436763527499362,
            "Intercept": -0.693521187677,
            "Coefficients": {
                "Gender": 0.00385126434589752,
                "Age": -0.00433711587715954,
                "Age2": 3.11799231385975e-5,
                "Age3": 3.4291809335544e-8,
                "Sector": -0.0629531974852436,
                "Income": 0.373256996730791
            }
        },
        "FoodProtein": {
            "Lambda": 0.181818181818182,
            "StdDev": 0.313311862739698,
            "Intercept": -0.368761566020644,
            "Coefficients": {
                "Gender": 0.00252158562837466,
                "Age": -0.00146860986638668,
                "Age2": 7.88110852256149e-6,
                "Age3": 3.01393405358963e-8,
                "Sector": 0.0615793105418786,
                "Income": 0.169359574630698
            }
        },
        "FoodSodium": {
            "Lambda": 0.222222222222222,
            "StdDev": 0.409282851216763,
            "Intercept": -0.279383536605788,
            "Coefficients": {
                "Gender": 0.00246461821850323,
                "Age": -0.00136032043909056,
                "Age2": 1.49544244806993e-5,
                "Age3": -5.4479529845551e-8,
                "Sector": 0.0302453140725123,
                "Income": 0.116422778372822
            }
        }
    },
    "RiskFactorCorrelationFile": {
        "name": "ResidualDietCorrelationMatrix.csv",
        "format": "csv",
        "delimiter": ",",
        "encoding": "UTF8",
        "columns": {
            "FoodCarbohydrate": "double",
            "FoodFat": "double",
            "FoodProtein": "double",
            "FoodSodium": "double"
        }
    },
    "InformationSpeed": 0.1,
    "PhysicalActivityStdDev": 0.06
}
