{
    "ModelName": "StaticLinear",
    "RuralPrevalence": [
        {
            "Name": "Under18",
            "Female": 0.65,
            "Male": 0.65
        },
        {
            "Name": "Over18",
            "Female": 0.6,
            "Male": 0.6
        }
    ],
    "IncomeModels": {
        "Low": {
            "Intercept": 0.0,
            "Coefficients": {}
        },
        "Middle": {
            "Intercept": -0.0023671151435328,
            "Coefficients": {
                "Gender": 0.0244784583947992,
                "Over18": 0.276669591410528,
                "Sector": -0.491794449118805
            }
        },
        "High": {
            "Intercept": 0.0187952471153142,
            "Coefficients": {
                "Gender": 0.02018185354194,
                "Over18": 0.607099252829797,
                "Sector": -1.5870837069653
            }
        }
    },
    "RiskFactorModels": {
        "Carbohydrate": {
            "Intercept": 144.892664419936,
            "Coefficients": {
                "gender": 49.8438360972037,
                "age": 4.41913084504824,
                "age2": -0.112923606431506,
                "age3": 0.000805963411059104
            }
        },
        "Fat": {
            "Intercept": 54.7022488365615,
            "Coefficients": {
                "gender": 16.8496529666428,
                "age": 1.26675975307563,
                "age2": -0.0228652850403492,
                "age3": 0.000117433532087498
            }
        },
        "Protein": {
            "Intercept": 44.0097180197551,
            "Coefficients": {
                "gender": 20.1230510354203,
                "age": 1.6160602212611,
                "age2": -0.0278924197606527,
                "age3": 0.000143142339925315
            }
        },
        "Sodium": {
            "Intercept": 1133.32921917935,
            "Coefficients": {
                "gender": 677.323597232314,
                "age": 81.1929219640613,
                "age2": -1.61262994329241,
                "age3": 0.0104179627659843
            }
        }
    },
    "RiskFactorCorrelationFile": {
        "name": "ResidualDietCorrelationMatrix.csv",
        "format": "csv",
        "delimiter": ",",
        "encoding": "UTF8",
        "columns": {
            "Carbohydrate": "double",
            "Fat": "double",
            "Protein": "double",
            "Sodium": "double"
        }
    }
}
