{
    "ModelName": "StaticLinear",
    "RuralPrevalence": [
        {
            "Name": "Under18",
            "Female": 0.65,
            "Male": 0.65
        },
        {
            "Name": "Over18",
            "Female": 0.6,
            "Male": 0.6
        }
    ],
    "IncomeModels": {
        "Low": {
            "Intercept": 0.0,
            "Coefficients": {}
        },
        "Middle": {
            "Intercept": -0.0023671151435328,
            "Coefficients": {
                "Gender": 0.0244784583947992,
                "Over18": 0.276669591410528,
                "Sector": -0.491794449118805
            }
        },
        "High": {
            "Intercept": 0.0187952471153142,
            "Coefficients": {
                "Gender": 0.02018185354194,
                "Over18": 0.607099252829797,
                "Sector": -1.5870837069653
            }
        }
    },
    "RiskFactorModels": {
        "Carbohydrate": {
            "Intercept": -0.301472503001538,
            "Coefficients": {
                "Gender": 0.000165437259825899,
                "Age": -0.000732683422156104,
                "Age2": 1.45603392565327e-5,
                "Age3": -1.05730656178784e-7,
                "Sector": 0.0288673671513741,
                "Income": 0.118338853886099
            }
        },
        "Fat": {
            "Intercept": -0.717670235377601,
            "Coefficients": {
                "Gender": 0.00484145642553939,
                "Age": -0.00190255525047427,
                "Age2": 1.42830192140125e-5,
                "Age3": -1.79788730883492e-8,
                "Sector": -0.101377668701073,
                "Income": 0.314776546949301
            }
        },
        "Protein": {
            "Intercept": -0.40616835622407,
            "Coefficients": {
                "Gender": 0.00144291169364387,
                "Age": -0.000952174527401433,
                "Age2": 1.39340078304022e-5,
                "Age3": -8.66679321869686e-8,
                "Sector": -0.00240731123604087,
                "Income": 0.175606858864405
            }
        },
        "Sodium": {
            "Intercept": -0.295331736884487,
            "Coefficients": {
                "Gender": 0.00172923781820812,
                "Age": -0.000796546470459325,
                "Age2": 1.43455600431779e-5,
                "Age3": -1.1074828868672e-7,
                "Sector": 0.0128519144745961,
                "Income": 0.104691719888994
            }
        }
    },
    "RiskFactorCorrelationFile": {
        "name": "ResidualDietCorrelationMatrix.csv",
        "format": "csv",
        "delimiter": ",",
        "encoding": "UTF8",
        "columns": {
            "Carbohydrate": "double",
            "Fat": "double",
            "Protein": "double",
            "Sodium": "double"
        }
    }
}
