{
    "ModelName": "StaticLinear",
    "InformationSpeed": 0.1,
    "PhysicalActivityStdDev": 0.06,
    "RuralPrevalence": [
        {
            "Name": "Under18",
            "Female": 0.626739964429027,
            "Male": 0.624047373841401
        },
        {
            "Name": "Over18",
            "Female": 0.587936516771846,
            "Male": 0.583313018464474
        }
    ],
    "IncomeDefault": "Middle",
    "IncomeModels": {
        "Low": {
            "Intercept": 0.0,
            "Coefficients": {}
        },
        "Middle": {
            "Intercept": -0.0683240814272077,
            "Coefficients": {
                "Gender": 0.032217497176628,
                "Over18": 0.298055376100666,
                "Sector": -0.383372795038086
            }
        },
        "High": {
            "Intercept": -0.0427919974409829,
            "Coefficients": {
                "Gender": 0.0447125663820498,
                "Over18": 0.619113033863595,
                "Sector": -1.39658672904111
            }
        }
    },
    "RiskFactorModels": {
        "FoodCarbohydrate": {
            "Lambda": 0.303030303030303,
            "StdDev": 0.323546436042623,
            "Intercept": -0.241505734056409,
            "Coefficients": {
                "Gender": 0.00191412437431455,
                "Age": -0.000545257990453302,
                "Age2": 3.06434596341924e-6,
                "Age3": 5.24468215546687e-9,
                "Sector": 0.0967308121487847,
                "Income": 0.0810023788842083
            },
            "Policy": {
                "Range": [-2.31063, 0.37526],
                "Intercept": -1.29385215316281,
                "Coefficients": {
                    "Gender": 0.00845121355575458,
                    "Age": 0.000386003599279214,
                    "Sector": 0.0621763530502617,
                    "Income": 0.0560558815729017
                },
                "LogCoefficients": {
                    "FoodCarbohydrate": 0.577638667323293,
                    "FoodFat": -0.0801300827856402,
                    "FoodProtein": -0.480946893299471,
                    "FoodSodium": -0.0396319735508116
                }
            }
        },
        "FoodFat": {
            "Lambda": 0.141414141414141,
            "StdDev": 0.464325512741348,
            "Intercept": -0.693521187677,
            "Coefficients": {
                "Gender": 0.00385126434589752,
                "Age": -0.00433711587715954,
                "Age2": 3.11799231385975e-5,
                "Age3": 3.4291809335544e-8,
                "Sector": -0.0629531974852436,
                "Income": 0.373256996730791
            },
            "Policy": {
                "Range": [-4.87205, -0.10346],
                "Intercept": -0.734121205356728,
                "Coefficients": {
                    "Gender": 0.023422206650121,
                    "Age": 0.000557687923688474,
                    "Sector": 0.00166651997223223,
                    "Income": -0.498755023022772
                },
                "LogCoefficients": {
                    "FoodCarbohydrate": 0.652615267035516,
                    "FoodFat": 0.743457905132894,
                    "FoodProtein": -1.2648185364167,
                    "FoodSodium": -0.17181077457271
                }
            }
        },
        "FoodProtein": {
            "Lambda": 0.141414141414141,
            "StdDev": 0.316612639385793,
            "Intercept": -0.368761566020644,
            "Coefficients": {
                "Gender": 0.00252158562837466,
                "Age": -0.00146860986638668,
                "Age2": 7.88110852256149e-6,
                "Age3": 3.01393405358963e-8,
                "Sector": 0.0615793105418786,
                "Income": 0.169359574630698
            },
            "Policy": {
                "Range": [-3.41099, 0.23121],
                "Intercept": -1.56991045634485,
                "Coefficients": {
                    "Gender": 0.0225696146416213,
                    "Age": 0.000771887649182637,
                    "Sector": 0.0579907722960272,
                    "Income": -0.0569219637079942
                },
                "LogCoefficients": {
                    "FoodCarbohydrate": 0.904899050175784,
                    "FoodFat": 0.0529420908766326,
                    "FoodProtein": -0.904740894529393,
                    "FoodSodium": -0.120175179036466
                }
            }
        },
        "FoodSodium": {
            "Lambda": 0.181818181818182,
            "StdDev": 0.42022134002726,
            "Intercept": -0.279383536605788,
            "Coefficients": {
                "Gender": 0.00246461821850323,
                "Age": -0.00136032043909056,
                "Age2": 1.49544244806993e-5,
                "Age3": -5.4479529845551e-8,
                "Sector": 0.0302453140725123,
                "Income": 0.116422778372822
            },
            "Policy": {
                "Range": [-4.0233, -0.19945],
                "Intercept": -1.80473423666593,
                "Coefficients": {
                    "Gender": 0.0196577275537974,
                    "Age": 0.000369711675185518,
                    "Sector": 0.0713018828474078,
                    "Income": -0.572932558810775
                },
                "LogCoefficients": {
                    "FoodCarbohydrate": 0.519320205092293,
                    "FoodFat": 0.105852263147563,
                    "FoodProtein": -0.934772946113695,
                    "FoodSodium": 0.265847028093155
                }
            }
        }
    },
    "RiskFactorCorrelationFile": {
        "name": "residual_risk_factor_correlation.csv",
        "format": "csv",
        "delimiter": ",",
        "encoding": "UTF8",
        "columns": {
            "FoodCarbohydrate": "double",
            "FoodFat": "double",
            "FoodProtein": "double",
            "FoodSodium": "double"
        }
    },
    "PolicyCovarianceFile": {
        "name": "residual_policy_covariance.csv",
        "format": "csv",
        "delimiter": ",",
        "encoding": "UTF8",
        "columns": {
            "FoodCarbohydrate": "double",
            "FoodFat": "double",
            "FoodProtein": "double",
            "FoodSodium": "double"
        }
    }
}
