Time,Male,Female
1,0.429135986757113,0.429135986757113
2,0.312715980003168,0.312715980003168
3,0.25814803323972,0.25814803323972
4,0,0
5,0,0
