Time,Male,Female
0,0.276937029,0.276937029
1,0.208666327,0.208666327
2,0.208666327,0.208666327
3,0.152865159,0.152865159
4,0.152865159,0.152865159
