PersonID,Year_Current,Year_Next,CI_Current,CI_0_Next,Difference
160023.0,2023,2024,227.3127003,227.314,-0.0012997000000041226
