{
    "ModelName": "StaticLinear",
    "InformationSpeed": 0.1,
    "PhysicalActivityStdDev": 0.06,
    "RuralPrevalence": [
        {
            "Name": "Under18",
            "Female": 0.626739964429027,
            "Male": 0.624047373841401
        },
        {
            "Name": "Over18",
            "Female": 0.587936516771846,
            "Male": 0.583313018464474
        }
    ],
    "IncomeModels": {
        "Low": {
            "Intercept": 0.0,
            "Coefficients": {}
        },
        "Middle": {
            "Intercept": -0.0683240814272077,
            "Coefficients": {
                "Gender": 0.032217497176628,
                "Over18": 0.298055376100666,
                "Sector": -0.383372795038086
            }
        },
        "High": {
            "Intercept": -0.0427919974409829,
            "Coefficients": {
                "Gender": 0.0447125663820498,
                "Over18": 0.619113033863595,
                "Sector": -1.39658672904111
            }
        }
    },
    "RiskFactorModels": {
        "FoodCarbohydrate": {
            "Lambda": 0.303030303030303,
            "StdDev": 0.323546436042623,
            "Range": [22.09977, 1797.988],
            "Intercept": -0.163564941825921,
            "Coefficients": {
                "Gender": 0.001909201186864,
                "Age": -0.000212546757902497,
                "Age2": 1.87236401928853e-7,
                "Age3": -1.13592924060027e-8,
                "Sector": 0.0583895658455863,
                "Income": 0.0516596927242407
            },
            "Policy": {
                "Range": [-4.833, 0.425],
                "Intercept": 0.0359508455674646,
                "Coefficients": {
                    "Gender": 0.0160279754456581,
                    "Age": 0.000922740010505591,
                    "Sector": 0.155458384132686,
                    "Income": -0.0983722775922344
                },
                "LogCoefficients": {
                    "FoodCarbohydrate": 0.0833534635043602,
                    "FoodFat": -0.24328131564789,
                    "FoodProtein": 0.149773872093936,
                    "FoodSodium": -0.0463678856230901
                }
            }
        },
        "FoodFat": {
            "Lambda": 0.141414141414141,
            "StdDev": 0.464325512741348,
            "Range": [1.093948, 561.4858],
            "Intercept": -0.554488757309044,
            "Coefficients": {
                "Gender": 0.00102119865887904,
                "Age": -0.00462679326537629,
                "Age2": 5.47946635530975e-5,
                "Age3": -2.39659075915002e-7,
                "Sector": -0.0863212060348545,
                "Income": 0.302938242093029
            },
            "Policy": {
                "Range": [-5.974, 0.124],
                "Intercept": 2.49313512339062,
                "Coefficients": {
                    "Gender": 0.0290022259029536,
                    "Age": 0.00190589729751719,
                    "Sector": 0.148612803331968,
                    "Income": -0.333158424469938
                },
                "LogCoefficients": {
                    "FoodCarbohydrate": -1.00537410786184,
                    "FoodFat": 0.472612765361897,
                    "FoodProtein": 0.655847295454231,
                    "FoodSodium": -0.227969701455819
                }
            }
        },
        "FoodProtein": {
            "Lambda": 0.141414141414141,
            "StdDev": 0.316612639385793,
            "Range": [3.649882, 309.119],
            "Intercept": -0.253982902057632,
            "Coefficients": {
                "Gender": 0.00230009880181239,
                "Age": -0.000940138272923037,
                "Age2": 6.05566801607947e-6,
                "Age3": -2.30866807307216e-8,
                "Sector": 0.0228382301683487,
                "Income": 0.113898881231242
            },
            "Policy": {
                "Range": [-5.917, 1.045],
                "Intercept": 1.3381509120275,
                "Coefficients": {
                    "Gender": 0.0314730523112223,
                    "Age": 0.00143602336329636,
                    "Sector": 0.167279821106756,
                    "Income": -0.155299018792062
                },
                "LogCoefficients": {
                    "FoodCarbohydrate": -0.22615111013988,
                    "FoodFat": -0.231245217627866,
                    "FoodProtein": 0.51182216319552,
                    "FoodSodium": -0.165048260957029
                }
            }
        },
        "FoodSodium": {
            "Lambda": 0.181818181818182,
            "StdDev": 0.42022134002726,
            "Range": [9.986686, 45379.46],
            "Intercept": -0.186646397184792,
            "Coefficients": {
                "Gender": 0.00324988697857038,
                "Age": -0.000823686051671132,
                "Age2": 1.08381456533309e-5,
                "Age3": -8.59404983799456e-8,
                "Sector": 0.00601589219498129,
                "Income": 0.0661571251934935
            },
            "Policy": {
                "Range": [-7.061, 0.017],
                "Intercept": -1.54259297544839,
                "Coefficients": {
                    "Gender": 0.0158825605117205,
                    "Age": 0.000746682664125313,
                    "Sector": 0.166240243402552,
                    "Income": -0.15849587558466
                },
                "LogCoefficients": {
                    "FoodCarbohydrate": -0.218271147883863,
                    "FoodFat": -0.23775907123932,
                    "FoodProtein": -0.0150768831748935,
                    "FoodSodium": 0.421337263011176
                }
            }
        }
    },
    "RiskFactorCorrelationFile": {
        "name": "residual_risk_factor_correlation.csv",
        "format": "csv",
        "delimiter": ",",
        "encoding": "UTF8",
        "columns": {
            "FoodCarbohydrate": "double",
            "FoodFat": "double",
            "FoodProtein": "double",
            "FoodSodium": "double"
        }
    },
    "PolicyCovarianceFile": {
        "name": "residual_policy_covariance.csv",
        "format": "csv",
        "delimiter": ",",
        "encoding": "UTF8",
        "columns": {
            "FoodCarbohydrate": "double",
            "FoodFat": "double",
            "FoodProtein": "double",
            "FoodSodium": "double"
        }
    }
}
