Time,Male,Female
1,0.695377491458442,0.69930317508707
2,0.165042847910515,0.162163341154258
3,0.139579660631043,0.138533483758672
4,0,0
5,0,0
