Time,Male,Female
0,0.2,0.263157894736842
1,0.2,0.263157894736842
2,0.166666666666667,0.0789473684210526
3,0.166666666666667,0.0789473684210526
4,0,0
