{
    "ModelName": "StaticLinear",
    "InformationSpeed": 0.1,
    "PhysicalActivityStdDev": 0.06,
    "RuralPrevalence": [
        {
            "Name": "Under18",
            "Female": 0.626739964429027,
            "Male": 0.624047373841401
        },
        {
            "Name": "Over18",
            "Female": 0.587936516771846,
            "Male": 0.583313018464474
        }
    ],
    "IncomeModels": {
        "Low": {
            "Intercept": 0.0,
            "Coefficients": {}
        },
        "Middle": {
            "Intercept": -0.0683240814272077,
            "Coefficients": {
                "Gender": 0.032217497176628,
                "Over18": 0.298055376100666,
                "Sector": -0.383372795038086
            }
        },
        "High": {
            "Intercept": -0.0427919974409829,
            "Coefficients": {
                "Gender": 0.0447125663820498,
                "Over18": 0.619113033863595,
                "Sector": -1.39658672904111
            }
        }
    },
    "RiskFactorModels": {
        "FoodCarbohydrate": {
            "Lambda": 0.303030303030303,
            "StdDev": 0.323546436042623,
            "Range": [22.09977, 1797.988],
            "Intercept": -0.163564941825921,
            "Coefficients": {
                "Gender": 0.001909201186864,
                "Age": -0.000212546757902497,
                "Age2": 1.87236401928853e-7,
                "Age3": -1.13592924060027e-8,
                "Sector": 0.0583895658455863,
                "Income": 0.0516596927242407
            },
            "Policy": {
                "Range": [-7.313, 0.1],
                "Intercept": -0.322539015315578,
                "Coefficients": {
                    "Gender": 0.0222478092983187,
                    "Age": 0.00141382206551845,
                    "Sector": 0.233902164037631,
                    "Income": -0.201024160898825
                },
                "LogCoefficients": {
                    "FoodCarbohydrate": 0.185556957378032,
                    "FoodFat": -0.417481154040162,
                    "FoodProtein": 0.232565971776084,
                    "FoodSodium": -0.0695497805502611
                }
            }
        },
        "FoodFat": {
            "Lambda": 0.141414141414141,
            "StdDev": 0.464325512741348,
            "Range": [1.093948, 561.4858],
            "Intercept": -0.554488757309044,
            "Coefficients": {
                "Gender": 0.00102119865887904,
                "Age": -0.00462679326537629,
                "Age2": 5.47946635530975e-5,
                "Age3": -2.39659075915002e-7,
                "Sector": -0.0863212060348545,
                "Income": 0.302938242093029
            },
            "Policy": {
                "Range": [-10.457, 0.001],
                "Intercept": 5.30108330478602,
                "Coefficients": {
                    "Gender": 0.0461177806771848,
                    "Age": 0.00332192391958794,
                    "Sector": 0.208217509225373,
                    "Income": -0.674625867354606
                },
                "LogCoefficients": {
                    "FoodCarbohydrate": -2.24651674661817,
                    "FoodFat": 0.901858020075037,
                    "FoodProtein": 1.56411717393406,
                    "FoodSodium": -0.364841944199039
                }
            }
        },
        "FoodProtein": {
            "Lambda": 0.141414141414141,
            "StdDev": 0.316612639385793,
            "Range": [3.649882, 309.119],
            "Intercept": -0.253982902057632,
            "Coefficients": {
                "Gender": 0.00230009880181239,
                "Age": -0.000940138272923037,
                "Age2": 6.05566801607947e-6,
                "Age3": -2.30866807307216e-8,
                "Sector": 0.0228382301683487,
                "Income": 0.113898881231242
            },
            "Policy": {
                "Range": [-8.76, 0.086],
                "Intercept": 1.27892501317909,
                "Coefficients": {
                    "Gender": 0.0400683764085747,
                    "Age": 0.00176281609771473,
                    "Sector": 0.241907042169413,
                    "Income": -0.260901767302656
                },
                "LogCoefficients": {
                    "FoodCarbohydrate": -0.293243499248789,
                    "FoodFat": -0.36112860337826,
                    "FoodProtein": 0.823541895474403,
                    "FoodSodium": -0.280435352577761
                }
            }
        },
        "FoodSodium": {
            "Lambda": 0.181818181818182,
            "StdDev": 0.42022134002726,
            "Range": [9.986686, 45379.46],
            "Intercept": -0.186646397184792,
            "Coefficients": {
                "Gender": 0.00324988697857038,
                "Age": -0.000823686051671132,
                "Age2": 1.08381456533309e-5,
                "Age3": -8.59404983799456e-8,
                "Sector": 0.00601589219498129,
                "Income": 0.0661571251934935
            },
            "Policy": {
                "Range": [-10.664, 0],
                "Intercept": -1.61013159929837,
                "Coefficients": {
                    "Gender": 0.027422319805844,
                    "Age": 0.00122303343449194,
                    "Sector": 0.231021872112928,
                    "Income": -0.262276091424284
                },
                "LogCoefficients": {
                    "FoodCarbohydrate": -0.613811390837001,
                    "FoodFat": -0.362926296886072,
                    "FoodProtein": 0.282422726347963,
                    "FoodSodium": 0.614121641702355
                }
            }
        }
    },
    "RiskFactorCorrelationFile": {
        "name": "residual_risk_factor_correlation.csv",
        "format": "csv",
        "delimiter": ",",
        "encoding": "UTF8",
        "columns": {
            "FoodCarbohydrate": "double",
            "FoodFat": "double",
            "FoodProtein": "double",
            "FoodSodium": "double"
        }
    },
    "PolicyCovarianceFile": {
        "name": "residual_policy_covariance.csv",
        "format": "csv",
        "delimiter": ",",
        "encoding": "UTF8",
        "columns": {
            "FoodCarbohydrate": "double",
            "FoodFat": "double",
            "FoodProtein": "double",
            "FoodSodium": "double"
        }
    }
}
