Time,Male,Female
1,0.524527050214588,0.561404050129096
2,0.321747964765782,0.291850658912779
3,0.153724985019631,0.146745290958125
4,0,0
5,0,0
