Time,Male,Female
1,0.588282146266841,0.582690541780355
2,0.268117697007345,0.273404763589871
3,0.143600156725814,0.143904694629774
4,0,0
5,0,0
