Time,Male,Female
1,0.22492081704413,0.22492081704413
2,0.274913260078627,0.274913260078627
3,0.258491063676368,0.258491063676368
4,0.122687159875106,0.122687159875106
5,0.118987699325768,0.118987699325768
