Time,Male,Female
0,0.225495403,0.225495403
1,0.205692466,0.205692466
2,0.205692466,0.205692466
3,0.181559832,0.181559832
4,0.181559832,0.181559832
