Time,Male,Female
1,0.585571660400226,0.547799772256616
2,0.285996439028233,0.311684151247702
3,0.128431900571541,0.140516076495682
4,0,0
5,0,0
