Time,Male,Female
0,0.1925,0.192307692307692
1,0.1925,0.192307692307692
2,0.175,0.169230769230769
3,0.175,0.169230769230769
4,0,0
