"","lambda","sd"
"carb",0.464646464646465,0.355914645643261
"fat",0.181818181818182,0.495987693346367
"protein",0.383838383838384,0.334621435517159
"sodium",0.343434343434343,0.457419444704665
