Time,Male,Female
1,0.519794444306791,0.553499626756326
2,0.262245497675389,0.240806899628485
3,0.217960058017821,0.205693473615189
4,0,0
5,0,0
