Time,Male,Female
0,0.272221306896954,0.260010845986985
1,0.207147708047852,0.205904555314534
2,0.207147708047852,0.205904555314534
3,0.156741638503671,0.164090021691974
4,0.156741638503671,0.164090021691974
