Time,Male,Female
1,0.454908990031522,0.504734992942543
2,0.37197651575244,0.335200126679402
3,0.173114494216038,0.160064880378055
4,0,0
5,0,0
