Time,Male,Female
0,0.497174476,0.479572251
1,0.169531434,0.169180148
2,0.169531434,0.169180148
3,0.081881328,0.091033726
4,0.081881328,0.091033726
