Time,Male,Female
1,0.589702186766569,0.542744930254123
2,0.268350123245028,0.296191924948731
3,0.141947689988403,0.161063144797146
4,0,0
5,0,0
