Time,Male,Female
0,0.208333333333333,0.160869565217391
1,0.208333333333333,0.160869565217391
2,0.15,0.152173913043478
3,0.15,0.152173913043478
4,0,0
