Time,Male,Female
1,0.492813252122255,0.514791027501476
2,0.328009973930365,0.315890738969809
3,0.17917677394738,0.169318233528715
4,0,0
5,0,0
