Time,Male,Female
0,0.183333333333333,0.25
1,0.183333333333333,0.25
2,0.19047619047619,0.105263157894737
3,0.19047619047619,0.105263157894737
4,0,0
