Time,Male,Female
0,0.246529155,0.234444171
1,0.207457358,0.205269306
2,0.207457358,0.205269306
3,0.169278064,0.177508608
4,0.169278064,0.177508608
