Time,Male,Female
1,0.570925315480604,0.601754814156785
2,0.226747675688151,0.207757894481724
3,0.202327008831245,0.19048729136149
4,0,0
5,0,0
