Time,Male,Female
0,0.246171239449397,0.233993097953186
1,0.207830068905153,0.205624340321613
2,0.207830068905153,0.205624340321613
3,0.169084311370148,0.177379110701794
4,0.169084311370148,0.177379110701794
