{
    "ModelName": "StaticLinear",
    "InformationSpeed": 0.1,
    "PhysicalActivityStdDev": 0.06,
    "RuralPrevalence": [
        {
            "Name": "Under18",
            "Female": 0.626739964429027,
            "Male": 0.624047373841401
        },
        {
            "Name": "Over18",
            "Female": 0.587936516771846,
            "Male": 0.583313018464474
        }
    ],
    "IncomeModels": {
        "Low": {
            "Intercept": 0.0,
            "Coefficients": {}
        },
        "Middle": {
            "Intercept": -0.0683240814272077,
            "Coefficients": {
                "Gender": 0.032217497176628,
                "Over18": 0.298055376100666,
                "Sector": -0.383372795038086
            }
        },
        "High": {
            "Intercept": -0.0427919974409829,
            "Coefficients": {
                "Gender": 0.0447125663820498,
                "Over18": 0.619113033863595,
                "Sector": -1.39658672904111
            }
        }
    },
    "RiskFactorModels": {
        "FoodCarbohydrate": {
            "Lambda": 0.303030303030303,
            "StdDev": 0.323546436042623,
            "Range": [22.09977, 1797.988],
            "Intercept": -0.163564941825921,
            "Coefficients": {
                "Gender": 0.001909201186864,
                "Age": -0.000212546757902497,
                "Age2": 1.87236401928853e-7,
                "Age3": -1.13592924060027e-8,
                "Sector": 0.0583895658455863,
                "Income": 0.0516596927242407
            },
            "Policy": {
                "Range": [-4.654, 0.056],
                "Intercept": -0.330846316722036,
                "Coefficients": {
                    "Gender": 0.0119495935842795,
                    "Age": 0.00075675585203653,
                    "Sector": 0.147445158685347,
                    "Income": -0.113981124849739
                },
                "LogCoefficients": {
                    "FoodCarbohydrate": 0.199316969457861,
                    "FoodFat": -0.201359841803698,
                    "FoodProtein": 0.0130093377693988,
                    "FoodSodium": -0.0482548230014169
                }
            }
        },
        "FoodFat": {
            "Lambda": 0.141414141414141,
            "StdDev": 0.464325512741348,
            "Range": [1.093948, 561.4858],
            "Intercept": -0.554488757309044,
            "Coefficients": {
                "Gender": 0.00102119865887904,
                "Age": -0.00462679326537629,
                "Age2": 5.47946635530975e-5,
                "Age3": -2.39659075915002e-7,
                "Sector": -0.0863212060348545,
                "Income": 0.302938242093029
            },
            "Policy": {
                "Range": [-5.777, 0.002],
                "Intercept": 2.62639175726614,
                "Coefficients": {
                    "Gender": 0.0226855578787356,
                    "Age": 0.00157923784954874,
                    "Sector": 0.118195530723716,
                    "Income": -0.354943270073697
                },
                "LogCoefficients": {
                    "FoodCarbohydrate": -1.05478356769587,
                    "FoodFat": 0.546881942134703,
                    "FoodProtein": 0.661052286723069,
                    "FoodSodium": -0.220887499909594
                }
            }
        },
        "FoodProtein": {
            "Lambda": 0.141414141414141,
            "StdDev": 0.316612639385793,
            "Range": [3.649882, 309.119],
            "Intercept": -0.253982902057632,
            "Coefficients": {
                "Gender": 0.00230009880181239,
                "Age": -0.000940138272923037,
                "Age2": 6.05566801607947e-6,
                "Age3": -2.30866807307216e-8,
                "Sector": 0.0228382301683487,
                "Income": 0.113898881231242
            },
            "Policy": {
                "Range": [-5.707, 0.049],
                "Intercept": 0.63190039964504,
                "Coefficients": {
                    "Gender": 0.0231427016749522,
                    "Age": 0.000987817528444764,
                    "Sector": 0.157566899574612,
                    "Income": -0.157820023339147
                },
                "LogCoefficients": {
                    "FoodCarbohydrate": -0.103222555392061,
                    "FoodFat": -0.187832037847156,
                    "FoodProtein": 0.398802157667185,
                    "FoodSodium": -0.16997866625933
                }
            }
        },
        "FoodSodium": {
            "Lambda": 0.181818181818182,
            "StdDev": 0.42022134002726,
            "Range": [9.986686, 45379.46],
            "Intercept": -0.186646397184792,
            "Coefficients": {
                "Gender": 0.00324988697857038,
                "Age": -0.000823686051671132,
                "Age2": 1.08381456533309e-5,
                "Age3": -8.59404983799456e-8,
                "Sector": 0.00601589219498129,
                "Income": 0.0661571251934935
            },
            "Policy": {
                "Range": [-6.03, 0.001],
                "Intercept": -1.0885605975046,
                "Coefficients": {
                    "Gender": 0.0147382329878625,
                    "Age": 0.000689287551277107,
                    "Sector": 0.149087784335445,
                    "Income": -0.152246554572324
                },
                "LogCoefficients": {
                    "FoodCarbohydrate": -0.279521190157866,
                    "FoodFat": -0.182475255826266,
                    "FoodProtein": 0.0642657981596747,
                    "FoodSodium": 0.354220285279785
                }
            }
        }
    },
    "RiskFactorCorrelationFile": {
        "name": "residual_risk_factor_correlation.csv",
        "format": "csv",
        "delimiter": ",",
        "encoding": "UTF8",
        "columns": {
            "FoodCarbohydrate": "double",
            "FoodFat": "double",
            "FoodProtein": "double",
            "FoodSodium": "double"
        }
    },
    "PolicyCovarianceFile": {
        "name": "residual_policy_covariance.csv",
        "format": "csv",
        "delimiter": ",",
        "encoding": "UTF8",
        "columns": {
            "FoodCarbohydrate": "double",
            "FoodFat": "double",
            "FoodProtein": "double",
            "FoodSodium": "double"
        }
    }
}
