Time,Male,Female
1,0.500005133629794,0.518656605143318
2,0.275067276276215,0.262625070459013
3,0.22492759009399,0.218718324397669
4,0,0
5,0,0
