Time,Male,Female
0,0.280868172109171,0.270852756283047
1,0.208738689975266,0.206714569210074
2,0.208738689975266,0.206714569210074
3,0.150827223970149,0.157859052648402
4,0.150827223970149,0.157859052648402
