Time,Male,Female
1,0.2,0.596921378781543
2,0.2,0.210110469882911
3,0.2,0.192968151335547
4,0.2,0
5,0.2,0
