Time,Male,Female
0,0.2,0.235650069178485
1,0.2,0.207595334293365
2,0.2,0.207595334293365
3,0.2,0.174579631117393
4,0.2,0.174579631117393
