Time,Male,Female
1,0.523403944372359,0.551212817662021
2,0.308699849518513,0.295924123523973
3,0.167896206109128,0.152863058814005
4,0,0
5,0,0
