Time,Male,Female
1,0.2,0.690704141833559
2,0.2,0.164766384773611
3,0.2,0.144529473392831
4,0.2,0
5,0.2,0
