Time,Male,Female
0,0.210678210678211,0.210678210678211
1,0.210678210678211,0.210678210678211
2,0.160894660894661,0.160894660894661
3,0.160894660894661,0.160894660894661
4,0,0
