Time,Male,Female
1,0.449684132199974,0.477150844605316
2,0.298997303665508,0.281221769771981
3,0.251318564134519,0.241627385622703
4,0,0
5,0,0
