Time,Male,Female
0,0.266661536,0.257501301
1,0.206268278,0.205671504
2,0.206268278,0.205671504
3,0.160400954,0.165577846
4,0.160400954,0.165577846
