Time,Male,Female
1,0.581461352364723,0.597380680070281
2,0.262989827517161,0.246636934901582
3,0.155548820118116,0.155982385028138
4,0,0
5,0,0
