Time,Male,Female
0,0.186868686868687,0.177777777777778
1,0.186868686868687,0.177777777777778
2,0.161616161616162,0.144444444444444
3,0.161616161616162,0.144444444444444
4,0,0
