Time,Male,Female
1,0.529614428512037,0.567522596133475
2,0.288896001220676,0.260058949005307
3,0.181489570267287,0.172418454861218
4,0,0
5,0,0
