Time,Male,Female
0,0.362992170738804,0.339550531342427
1,0.185647824917733,0.187187990784218
2,0.185647824917733,0.187187990784218
3,0.132856089712865,0.143036743544568
4,0.132856089712865,0.143036743544568
