Time,Male,Female
1,0.729691830783522,0.754479047156632
2,0.143254988288998,0.128554673813968
3,0.12705318092748,0.1169662790294
4,0,0
5,0,0
