Time,Male,Female
0,0.2,0.202380952380952
1,0.2,0.202380952380952
2,0.175,0.119047619047619
3,0.175,0.119047619047619
4,0,0
