Time,Male,Female
1,0.545352091964498,0.573253549758913
2,0.306789758989471,0.280533406456097
3,0.147858149046031,0.14621304378499
4,0,0
5,0,0
