Time,Male,Female
0,0.22,0.189393939393939
1,0.22,0.189393939393939
2,0.0866666666666667,0.174242424242424
3,0.0866666666666667,0.174242424242424
4,0,0
