Time,Male,Female
1,0.617242393777104,0.603566599477377
2,0.277269280626345,0.289596705074261
3,0.105488325596551,0.106836695448362
4,0,0
5,0,0
