Time,Male,Female
0,0.573394495,0.586450247
1,0.150573394,0.148082804
2,0.150573394,0.148082804
3,0.062729358,0.058692072
4,0.062729358,0.058692072
