Time,Male,Female
1,0.2,0.575220676828686
2,0.2,0.230974553753086
3,0.2,0.193804769418228
4,0.2,0
5,0.2,0
