Time,Male,Female
0,0.2,0.272232377644037
1,0.2,0.210043543479713
2,0.2,0.210043543479713
3,0.2,0.153840267698269
4,0.2,0.153840267698269
