Time,Male,Female
1,0.368148370516773,0.389746249707389
2,0.329867215800998,0.332130278680237
3,0.273235631778219,0.278123471612375
4,0.0144536242192746,0
5,0.0142951576847355,0
