Time,Male,Female
0,0.274186983,0.267545183
1,0.207619069,0.205825083
2,0.207619069,0.205825083
3,0.15528744,0.160402326
4,0.15528744,0.160402326
