Time,Male,Female
1,0.555453305831915,0.563782147820875
2,0.288106439291189,0.290119331397882
3,0.156440254876897,0.146098520781243
4,0,0
5,0,0
