Time,Male,Female
0,0.445783133,0.468459152
1,0.186746988,0.177352637
2,0.186746988,0.177352637
3,0.090361446,0.088417787
4,0.090361446,0.088417787
