Time,Male,Female
1,0.64497319018835,0.655159651807417
2,0.196756803711113,0.18919793113806
3,0.158270006100536,0.155642417054523
4,0,0
5,0,0
