Time,Male,Female
0,0.173076923076923,0.208333333333333
1,0.173076923076923,0.208333333333333
2,0.163461538461538,0.154761904761905
3,0.163461538461538,0.154761904761905
4,0,0
