Time,Male,Female
1,0.2,0.682971435406813
2,0.2,0.172073121834279
3,0.2,0.144955442758907
4,0.2,0
5,0.2,0
