Time,Male,Female
0,0.211538461538462,0.211538461538462
1,0.211538461538462,0.211538461538462
2,0.153846153846154,0.153846153846154
3,0.153846153846154,0.153846153846154
4,0,0
